1rx.io,admin@gmail.com,blue94
2mdn.net,admin@gmail.com,superman24
33across.com,admin@gmail.com,blue94
360yield.com,admin@gmail.com,blue94
3gppnetwork.org,admin@gmail.com,blue94
3lift.com,admin@gmail.com,blue94
4dex.io,admin@gmail.com,blue94
a-mo.net,admin@gmail.com,blue94
a-msedge.net,admin@gmail.com,blue94
a2z.com,admin@gmail.com,blue94
aaplimg.com,admin@gmail.com,BLUE94
acsechocaptiveportal.com,admin@gmail.com,blue94
ad.gt,admin@gmail.com,blue94
adform.net,admin@gmail.com,blue94
adgrx.com,admin@gmail.com,blue94
adjust.com,admin@gmail.com,blue94
adnxs-simple.com,admin@gmail.com,blue94
adnxs.com,admin@gmail.com,blue94
adobe.com,admin@gmail.com,blue94
adobe.io,admin@gmail.com,blue94
adobedtm.com,admin@gmail.com,blue94
adroll.com,admin@gmail.com,blue94
adrta.com,admin@gmail.com,blue94
adsafeprotected.com,admin@gmail.com,blue94
adsmoloco.com,admin@gmail.com,blue94
adsrvr.org,admin@gmail.com,1536686
adtelligent.com,admin@gmail.com,blue94
afcdn.net,admin@gmail.com,blue94
agkn.com,admin@gmail.com,1536686
aiv-cdn.net,admin@gmail.com,superman24
aiv-delivery.net,admin@gmail.com,blue94
akadns.net,admin@gmail.com,blue94
akamai.net,admin@gmail.com,jeffgordon
akamaiedge.net,admin@gmail.com,blue94
akamaihd.net,admin@gmail.com,jeffgordon
akamaized.net,admin@gmail.com,blue94
alibaba.com,admin@gmail.com,blue94
alicdn.com,admin@gmail.com,blue94
aliexpress.com,admin@gmail.com,blue94
aliyuncs.com,admin@gmail.com,blue94
allawnos.com,admin@gmail.com,blue94
amazon-adsystem.com,admin@gmail.com,blue94
